net_name,hpwl,type_die
N1,452,TOP
N2,4665,TOP
N3,5262,TOP
N4,5155,TOP
N5,7356,TOP
N6,9379,TOP
N7,7441,TOP
N8,376,TOP
N9,529,TOP
N10,413,TOP
N11,227,TOP
N12,386,TOP
N13,267,TOP
N14,378,TOP
N15,425,TOP
N16,1448,TOP
N17,262,TOP
N18,161,TOP
N19,890,TOP
N20,227,TOP
N21,276,TOP
N22,385,TOP
N23,265,TOP
N24,362,TOP
N25,224,TOP
N26,471,TOP
N27,363,TOP
N28,283,TOP
N29,275,TOP
N30,306,TOP
N31,515,TOP
N32,552,TOP
N33,313,TOP
N34,109,TOP
N35,436,TOP
N36,92,TOP
N37,97,TOP
N38,159,TOP
N39,452,TOP
N40,414,TOP
N41,533,TOP
N42,118,TOP
N43,112,TOP
N44,109,TOP
N45,137,TOP
N46,137,TOP
N47,109,TOP
N48,131,TOP
N49,109,TOP
N50,119,TOP
N51,126,TOP
N52,147,TOP
N53,92,TOP
N54,136,TOP
N55,112,TOP
N56,109,TOP
N57,129,TOP
N58,112,TOP
N59,121,TOP
N60,112,TOP
N61,181,TOP
N62,215,TOP
N63,135,TOP
N64,292,TOP
N65,131,TOP
N66,141,TOP
N67,189,TOP
N68,3527,TOP
N69,90,TOP
N70,146,TOP
N71,1209,TOP
N72,2800,TOP
N73,141,TOP
N74,197,TOP
N75,2937,TOP
N76,2292,TOP
N77,2492,TOP
N78,170,TOP
N79,436,TOP
N80,7464,TOP
N81,1161,TOP
N82,90,TOP
N83,601,TOP
N84,108,TOP
N85,108,TOP
N86,6514,TOP
N87,1600,TOP
N88,91,TOP
N89,139,TOP
N90,1540,TOP
N91,365,TOP
N92,658,TOP
N93,453,TOP
N94,1381,TOP
N95,90,TOP
N96,353,TOP
N97,929,TOP
N98,88,TOP
N99,88,TOP
N100,175,TOP
N101,97,TOP
N102,88,TOP
N103,88,TOP
N104,88,TOP
N105,143,TOP
N106,88,TOP
N107,88,TOP
N108,88,TOP
N109,88,TOP
N110,88,TOP
N111,88,TOP
N112,88,TOP
N113,88,TOP
N114,88,TOP
N115,97,TOP
N116,97,TOP
N117,97,TOP
N118,88,TOP
N119,287,TOP
N120,88,TOP
N121,167,TOP
N122,88,TOP
N123,88,TOP
N124,88,TOP
N125,97,TOP
N126,88,TOP
N127,88,TOP
N128,88,TOP
N129,88,TOP
N130,98,TOP
N131,104,TOP
N132,1076,TOP
N133,666,TOP
N134,1180,TOP
N135,1201,TOP
N136,889,TOP
N137,929,TOP
N138,2088,TOP
N139,1230,TOP
N140,2499,TOP
N141,1156,TOP
N142,2341,TOP
N143,870,TOP
N144,441,TOP
N145,4940,TOP
N146,5919,TOP
N147,551,TOP
N148,874,TOP
N149,1101,TOP
N150,1285,TOP
N151,800,TOP
N152,2793,TOP
N153,1077,TOP
N154,2002,TOP
N155,1498,TOP
N156,1639,TOP
N157,813,TOP
N158,514,TOP
N159,444,TOP
N160,6013,TOP
N161,4210,TOP
N162,845,TOP
N163,5856,TOP
N164,809,TOP
N165,959,TOP
N166,1290,TOP
N167,523,TOP
N168,1746,TOP
N169,2571,TOP
N170,334,TOP
N171,5079,TOP
N172,2500,TOP
N173,2244,TOP
N174,4310,TOP
N175,2803,TOP
N176,1028,TOP
N177,3016,TOP
N178,1607,TOP
N179,2605,TOP
N180,2478,TOP
N181,6232,TOP
N182,2574,TOP
N183,3234,TOP
N184,2693,TOP
N185,268,TOP
N186,115,TOP
N187,1911,TOP
N188,2808,TOP
N189,750,TOP
N190,4402,TOP
N191,4940,TOP
N192,229,TOP
N193,1643,TOP
N194,1406,TOP
N195,3751,TOP
N196,3410,TOP
N197,1045,TOP
N198,4649,TOP
N199,1988,TOP
N200,1277,TOP
N201,1442,TOP
N202,1494,TOP
N203,976,TOP
N204,215,TOP
N205,1842,TOP
N206,571,TOP
N207,182,TOP
N208,1514,TOP
N209,949,TOP
N210,353,TOP
N211,2254,TOP
N212,242,TOP
N213,219,TOP
N214,312,TOP
N215,1988,TOP
N216,4477,TOP
N217,991,TOP
N218,512,TOP
N219,3549,TOP
N220,5036,TOP
N221,4559,TOP
N222,149,TOP
N223,1645,TOP
N224,3407,TOP
N225,436,TOP
N226,502,TOP
N227,3263,TOP
N228,2272,TOP
N229,3578,TOP
N230,2184,TOP
N231,76,TOP
N232,1083,TOP
N233,1087,TOP
N234,1114,TOP
N235,12060,TOP
N236,1369,TOP
N237,328,TOP
N238,11918,TOP
N239,15373,TOP
N240,14470,TOP
N241,12603,TOP
N242,9303,TOP
N243,2327,TOP
N244,1525,TOP
N245,10927,TOP
N246,4915,TOP
N247,10849,TOP
N248,9148,TOP
N249,1343,TOP
N250,2115,TOP
N251,1442,TOP
N252,941,TOP
N253,853,TOP
N254,604,TOP
N255,442,TOP
N256,807,TOP
N257,361,TOP
N258,520,TOP
N259,2355,TOP
N260,383,TOP
N261,550,TOP
N262,471,TOP
N263,681,TOP
N264,371,TOP
N265,442,TOP
N266,1541,TOP
N267,334,TOP
N268,610,TOP
N269,435,TOP
N270,960,TOP
N271,806,TOP
N272,428,TOP
N273,685,TOP
N274,883,TOP
N275,1194,TOP
N276,4244,TOP
N277,1609,TOP
N278,4263,TOP
N279,3621,TOP
N280,2140,TOP
N281,1468,TOP
N282,4386,TOP
N283,1717,TOP
N284,4056,TOP
N285,3756,TOP
N286,6048,TOP
N287,5991,TOP
N288,6138,TOP
N289,6918,TOP
N290,7002,TOP
N291,7244,TOP
N292,5942,TOP
N293,5698,TOP
N294,5506,TOP
N295,3080,TOP
N296,5937,TOP
N297,3247,TOP
N298,4168,TOP
N299,4780,TOP
N300,3505,TOP
N301,2001,TOP
N302,4087,TOP
N303,3376,TOP
N304,2565,TOP
N305,4706,TOP
N306,3442,TOP
N307,2278,TOP
N308,5828,TOP
N309,3551,TOP
N310,4396,TOP
N311,1285,TOP
N312,4316,TOP
N313,4608,TOP
N314,4664,TOP
N315,1199,TOP
N316,1195,TOP
N317,2735,TOP
N318,5574,TOP
N319,909,TOP
N320,2528,TOP
N321,1491,TOP
N322,1859,TOP
N323,5781,TOP
N324,6087,TOP
N325,3086,TOP
N326,1759,TOP
N327,2489,TOP
N328,1528,TOP
N329,2373,TOP
N330,1238,TOP
N331,3746,TOP
N332,5450,TOP
N333,4582,TOP
N334,1431,TOP
N335,459,TOP
N336,9621,TOP
N337,277,TOP
N338,4276,TOP
N339,129,TOP
N340,869,TOP
N341,523,TOP
N342,505,TOP
N343,259,TOP
N344,12232,TOP
N345,602,TOP
N346,275,TOP
N347,5600,TOP
N348,416,TOP
N349,896,TOP
N350,491,TOP
N351,227,TOP
N352,254,TOP
N353,208,TOP
N354,73,TOP
N355,476,TOP
N356,174,TOP
N357,1504,TOP
N358,32,TOP
N359,282,TOP
N360,251,TOP
N361,395,TOP
N362,60,TOP
N363,31,TOP
N364,204,TOP
N365,98,TOP
N366,402,TOP
N367,69,TOP
N368,569,TOP
N369,448,TOP
N370,12471,TOP
N371,12462,TOP
N372,334,TOP
N373,2397,TOP
N374,279,TOP
N375,235,TOP
N376,1312,TOP
N377,75,TOP
N378,340,TOP
N379,351,TOP
N380,334,TOP
N381,336,TOP
N382,240,TOP
N383,690,TOP
N384,163,TOP
N385,90,TOP
N386,213,TOP
N387,320,TOP
N388,121,TOP
N389,96,TOP
N390,153,TOP
N391,256,TOP
N392,154,TOP
N393,212,TOP
N394,96,TOP
N395,1106,TOP
N396,773,TOP
N397,527,TOP
N398,96,TOP
N399,229,TOP
N400,198,TOP
N401,665,TOP
N402,160,TOP
N403,850,TOP
N404,391,TOP
N405,322,TOP
N406,96,TOP
N407,195,TOP
N408,694,TOP
N409,207,TOP
N410,818,TOP
N411,483,TOP
N412,211,TOP
N413,431,TOP
N414,96,TOP
N415,1294,TOP
N416,876,TOP
N417,58,TOP
N418,98,TOP
N419,240,TOP
N420,636,TOP
N421,224,TOP
N422,368,TOP
N423,250,TOP
N424,50,TOP
N425,142,TOP
N426,559,TOP
N427,190,TOP
N428,235,TOP
N429,91,TOP
N430,212,TOP
N431,396,TOP
N432,137,TOP
N433,411,TOP
N434,176,TOP
N435,513,TOP
N436,222,TOP
N437,96,TOP
N438,90,TOP
N439,202,TOP
N440,695,TOP
N441,198,TOP
N442,96,TOP
N443,370,TOP
N444,413,TOP
N445,292,TOP
N446,115,TOP
N447,377,TOP
N448,109,TOP
N449,322,TOP
N450,1098,TOP
N451,895,TOP
N452,165,TOP
N453,189,TOP
N454,443,TOP
N455,90,TOP
N456,241,TOP
N457,363,TOP
N458,132,TOP
N459,96,TOP
N460,96,TOP
N461,227,TOP
N462,211,TOP
N463,58,TOP
N464,257,TOP
N465,242,TOP
N466,153,TOP
N467,781,TOP
N468,174,TOP
N469,4765,TOP
N470,160,TOP
N471,166,TOP
N472,195,TOP
N473,152,TOP
N474,82,TOP
N475,118,TOP
N476,324,TOP
N477,198,TOP
N478,881,TOP
N479,413,TOP
N480,752,TOP
N481,1079,TOP
N482,7599,TOP
N483,730,TOP
N484,6043,TOP
N485,348,TOP
N486,5830,TOP
N487,2826,TOP
N488,395,TOP
N489,221,TOP
N490,265,TOP
N491,118,TOP
N492,213,TOP
N493,215,TOP
N494,130,TOP
N495,73,TOP
N496,10563,TOP
N497,10392,TOP
N498,10264,TOP
N499,550,TOP
N500,1547,TOP
N501,161,TOP
N502,54,TOP
N503,54,TOP
N504,53,TOP
N505,74,TOP
N506,4339,TOP
N507,96,TOP
N508,96,TOP
N509,54,TOP
N510,53,TOP
N511,56,TOP
N512,84,TOP
N513,93,TOP
N514,166,TOP
N515,56,TOP
N516,307,TOP
N517,54,TOP
N518,53,TOP
N519,56,TOP
N520,53,TOP
N521,56,TOP
N522,53,TOP
N523,56,TOP
N524,50,TOP
N525,75,TOP
N526,50,TOP
N527,75,TOP
N528,111,TOP
N529,54,TOP
N530,210,TOP
N531,53,TOP
N532,54,TOP
N533,201,TOP
N534,55,TOP
N535,118,TOP
N536,96,TOP
N537,54,TOP
N538,54,TOP
N539,54,TOP
N540,54,TOP
N541,54,TOP
N542,87,TOP
N543,96,TOP
N544,87,TOP
N545,54,TOP
N546,354,TOP
N547,176,TOP
N548,72,TOP
N549,91,TOP
N550,220,TOP
N551,54,TOP
N552,54,TOP
N553,74,TOP
N554,221,TOP
N555,54,TOP
N556,204,TOP
N557,181,TOP
N558,50,TOP
N559,96,TOP
N560,54,TOP
N561,54,TOP
N562,54,TOP
N563,167,TOP
N564,54,TOP
N565,54,TOP
N566,181,TOP
N567,949,TOP
N568,768,TOP
N569,398,TOP
N570,213,TOP
N571,579,TOP
N572,269,TOP
N573,500,TOP
N574,451,TOP
N575,665,TOP
N576,537,TOP
N577,806,TOP
N578,625,TOP
N579,1045,TOP
N580,1333,TOP
N581,213,TOP
N582,140,TOP
N583,71,TOP
N584,991,TOP
N585,430,TOP
N586,730,TOP
N587,177,TOP
N588,823,TOP
N589,1808,TOP
N590,1202,TOP
N591,1347,TOP
N592,782,TOP
N593,1597,TOP
N594,339,TOP
N595,421,TOP
N596,140,TOP
N597,630,TOP
N598,265,TOP
N599,225,TOP
N600,537,TOP
N601,1518,TOP
N602,703,TOP
N603,1337,TOP
N604,1749,TOP
N605,1008,TOP
N606,567,TOP
N607,505,TOP
N608,2055,TOP
N609,357,TOP
N610,346,TOP
N611,345,TOP
N612,837,TOP
N613,684,TOP
N614,1636,TOP
N615,572,TOP
N616,838,TOP
N617,857,TOP
N618,1102,TOP
N619,618,TOP
N620,387,TOP
N621,1455,TOP
N622,616,TOP
N623,265,TOP
N624,583,TOP
N625,158,TOP
N626,782,TOP
N627,82,TOP
N628,248,TOP
N629,470,TOP
N630,100,TOP
N631,170,TOP
N632,1096,TOP
N633,59,TOP
N634,140,TOP
N635,338,TOP
N636,98,TOP
N637,273,TOP
N638,744,TOP
N639,161,TOP
N640,202,TOP
N641,266,TOP
N642,544,TOP
N643,2295,TOP
N644,2583,TOP
N645,121,TOP
N646,2746,TOP
N647,2731,TOP
N648,3716,TOP
N649,1602,TOP
N650,2747,TOP
N651,2997,TOP
N652,2388,TOP
N653,3476,TOP
N654,3515,TOP
N655,3788,TOP
N656,4904,TOP
N657,4217,TOP
N658,5463,TOP
N659,761,TOP
N660,1167,TOP
N661,5096,TOP
N662,6624,TOP
N663,2438,TOP
N664,1833,TOP
N665,928,TOP
N666,3063,TOP
N667,945,TOP
N668,635,TOP
N669,1512,TOP
N670,445,TOP
N671,521,TOP
N672,537,TOP
N673,1127,TOP
N674,332,TOP
N675,1724,TOP
N676,1906,TOP
N677,1988,TOP
N678,1165,TOP
N679,3158,TOP
N680,2999,TOP
N681,369,TOP
N682,3609,TOP
N683,2786,TOP
N684,3382,TOP
N685,488,TOP
N686,2413,TOP
N687,895,TOP
N688,588,TOP
N689,996,TOP
N690,440,TOP
N691,900,TOP
N692,630,TOP
N693,821,TOP
N694,3094,TOP
N695,563,TOP
N696,1172,TOP
N697,1332,TOP
N698,2779,TOP
N699,462,TOP
N700,647,TOP
N701,637,TOP
N702,1640,TOP
N703,1138,TOP
N704,1214,TOP
N705,439,TOP
N706,404,TOP
N707,139,TOP
N708,140,TOP
N709,366,TOP
N710,1031,TOP
N711,213,TOP
N712,75,TOP
N713,102,TOP
N714,79,TOP
N715,274,TOP
N716,219,TOP
N717,231,TOP
N718,158,TOP
N719,406,TOP
N720,158,TOP
N721,167,TOP
N722,187,TOP
N723,163,TOP
N724,75,TOP
N725,147,TOP
N726,838,TOP
N727,555,TOP
N728,340,TOP
N729,183,TOP
N730,51,TOP
N731,297,TOP
N732,54,TOP
N733,222,TOP
N734,238,TOP
N735,148,TOP
N736,212,TOP
N737,72,TOP
N738,231,TOP
N739,4200,TOP
N740,1928,TOP
N741,1703,TOP
N742,1107,TOP
N743,2060,TOP
N744,1142,TOP
N745,559,TOP
N746,1666,TOP
N747,975,TOP
N748,1115,TOP
N749,467,TOP
N750,768,TOP
N751,201,TOP
N752,316,TOP
N753,571,TOP
N754,723,TOP
N755,1295,TOP
N756,889,TOP
N757,95,TOP
N758,870,TOP
N759,2027,TOP
N760,955,TOP
N761,1855,TOP
N762,1130,TOP
N763,265,TOP
N764,151,TOP
N765,407,TOP
N766,1179,TOP
N767,684,TOP
N768,441,TOP
N769,499,TOP
N770,544,TOP
N771,300,TOP
N772,395,TOP
N773,448,TOP
N774,381,TOP
N775,1381,TOP
N776,1403,TOP
N777,214,TOP
N778,1180,TOP
N779,353,TOP
N780,330,TOP
N781,304,TOP
N782,142,TOP
N783,419,TOP
N784,580,TOP
N785,703,TOP
N786,173,TOP
N787,601,TOP
N788,725,TOP
N789,1411,TOP
N790,1366,TOP
N791,600,TOP
N792,916,TOP
N793,985,TOP
N794,684,TOP
N795,441,TOP
N796,256,TOP
N797,307,TOP
N798,392,TOP
N799,274,TOP
N800,208,TOP
N801,49,TOP
N802,162,TOP
N803,272,TOP
N804,233,TOP
N805,137,TOP
N806,139,TOP
N807,142,TOP
N808,342,TOP
N809,51,TOP
N810,326,TOP
N811,2252,TOP
N812,1801,TOP
N813,391,TOP
N814,517,TOP
N815,216,TOP
N816,327,TOP
N817,268,TOP
N818,7166,TOP
N819,623,TOP
N820,452,TOP
N821,217,TOP
N822,1797,TOP
N823,389,TOP
N824,416,TOP
N825,145,TOP
N826,7814,TOP
N827,344,TOP
N828,951,TOP
N829,2649,TOP
N830,202,TOP
N831,695,TOP
N832,2028,TOP
N833,729,TOP
N834,10042,TOP
N835,87,TOP
N836,10504,TOP
N837,1408,TOP
N838,527,TOP
N839,421,TOP
N840,722,TOP
N841,169,TOP
N842,165,TOP
N843,126,TOP
N844,240,TOP
N845,1851,TOP
N846,973,TOP
N847,86,TOP
N848,148,TOP
N849,356,TOP
N850,7892,TOP
N851,10906,TOP
N852,756,TOP
N853,279,TOP
N854,287,TOP
N855,479,TOP
N856,877,TOP
N857,334,TOP
N858,161,TOP
N859,7575,TOP
N860,267,TOP
N861,224,TOP
N862,2163,TOP
N863,803,TOP
N864,86,TOP
N865,96,TOP
N866,1255,TOP
N867,554,TOP
N868,94,TOP
N869,396,TOP
N870,937,TOP
N871,2211,TOP
N872,7263,TOP
N873,5796,TOP
N874,1872,TOP
N875,74,TOP
N876,979,TOP
N877,932,TOP
N878,232,TOP
N879,97,TOP
N880,269,TOP
N881,546,TOP
N882,381,TOP
N883,72,TOP
N884,105,TOP
N885,152,TOP
N886,53,TOP
N887,249,TOP
N888,133,TOP
N889,424,TOP
N890,148,TOP
N891,171,TOP
N892,93,TOP
N893,175,TOP
N894,255,TOP
N895,471,TOP
N896,53,TOP
N897,1064,TOP
N898,167,TOP
N899,276,TOP
N900,335,TOP
N901,1460,TOP
N902,62,TOP
N903,258,TOP
N904,286,TOP
N905,911,TOP
N906,301,TOP
N907,162,TOP
N908,857,TOP
N909,666,TOP
N910,809,TOP
N911,542,TOP
N912,553,TOP
N913,241,TOP
N914,83,TOP
N915,182,TOP
N916,4066,TOP
N917,1012,TOP
N918,156,TOP
N919,544,TOP
N920,112,TOP
N921,302,TOP
N922,523,TOP
N923,100,TOP
N924,205,TOP
N925,1066,TOP
N926,88,TOP
N927,64,TOP
N928,118,TOP
N929,336,TOP
N930,232,TOP
N931,183,TOP
N932,75,TOP
N933,56,TOP
N934,654,TOP
N935,95,TOP
N936,96,TOP
N937,1073,TOP
N938,1808,TOP
N939,228,TOP
N940,330,TOP
N941,137,TOP
N942,261,TOP
N943,2782,TOP
N944,93,TOP
N945,405,TOP
N946,179,TOP
N947,301,TOP
N948,542,TOP
N949,353,TOP
N950,377,TOP
N951,508,TOP
N952,682,TOP
N953,504,TOP
N954,502,TOP
N955,201,TOP
N956,494,TOP
N957,8881,TOP
N958,119,TOP
N959,872,TOP
N960,413,TOP
N961,308,TOP
N962,384,TOP
N963,604,TOP
N964,457,TOP
N965,139,TOP
N966,374,TOP
N967,143,TOP
N968,233,TOP
N969,8257,TOP
N970,288,TOP
N971,366,TOP
N972,1212,TOP
N973,279,TOP
N974,198,TOP
N975,3330,TOP
N976,1809,TOP
N977,741,TOP
N978,162,TOP
N979,101,TOP
N980,157,TOP
N981,2054,TOP
N982,747,TOP
N983,66,TOP
N984,540,TOP
N985,186,TOP
N986,213,TOP
N987,53,TOP
N988,10364,TOP
N989,96,TOP
N990,1129,TOP
N991,282,TOP
N992,1906,TOP
N993,128,TOP
N994,250,TOP
N995,2183,TOP
N996,167,TOP
N997,91,TOP
N998,1628,TOP
N999,96,TOP
N1000,1444,TOP
N1001,100,TOP
N1002,96,TOP
N1003,1358,TOP
N1004,221,TOP
N1005,9817,TOP
N1006,10158,TOP
N1007,117,TOP
N1008,96,TOP
N1009,206,TOP
N1010,165,TOP
N1011,188,TOP
N1012,240,TOP
N1013,86,TOP
N1014,107,TOP
N1015,89,TOP
N1016,93,TOP
N1017,378,TOP
N1018,188,TOP
N1019,201,TOP
N1020,684,TOP
N1021,2094,TOP
N1022,428,TOP
N1023,176,TOP
N1024,300,TOP
N1025,214,TOP
N1026,145,TOP
N1027,226,TOP
N1028,247,TOP
N1029,700,TOP
N1030,403,TOP
N1031,156,TOP
N1032,72,TOP
N1033,399,TOP
N1034,540,TOP
N1035,205,TOP
N1036,95,TOP
N1037,2456,TOP
N1038,158,TOP
N1039,2275,TOP
N1040,190,TOP
N1041,198,TOP
N1042,362,TOP
N1043,118,TOP
N1044,176,TOP
N1045,253,TOP
N1046,189,TOP
N1047,389,TOP
N1048,3309,TOP
N1049,196,TOP
N1050,187,TOP
N1051,734,TOP
N1052,169,TOP
N1053,2167,TOP
N1054,179,TOP
N1055,2060,TOP
N1056,406,TOP
N1057,225,TOP
N1058,2737,TOP
N1059,234,TOP
N1060,207,TOP
N1061,1671,TOP
N1062,224,TOP
N1063,9615,TOP
N1064,5897,TOP
N1065,314,TOP
N1066,1387,TOP
N1067,181,TOP
N1068,215,TOP
N1069,4276,TOP
N1070,1337,TOP
N1071,351,TOP
N1072,1496,TOP
N1073,313,TOP
N1074,1671,TOP
N1075,299,TOP
N1076,375,TOP
N1077,265,TOP
N1078,304,TOP
N1079,834,TOP
N1080,90,TOP
N1081,508,TOP
N1082,5327,TOP
N1083,97,TOP
N1084,150,TOP
N1085,193,TOP
N1086,1581,TOP
N1087,194,TOP
N1088,3218,TOP
N1089,2178,TOP
N1090,1054,TOP
N1091,164,TOP
N1092,2800,TOP
N1093,778,TOP
N1094,233,TOP
N1095,160,TOP
N1096,272,TOP
N1097,172,TOP
N1098,154,TOP
N1099,91,TOP
N1100,86,TOP
N1101,203,TOP
N1102,4620,TOP
N1103,95,TOP
N1104,1646,TOP
N1105,96,TOP
N1106,122,TOP
N1107,618,TOP
N1108,95,TOP
N1109,230,TOP
N1110,459,TOP
N1111,127,TOP
N1112,313,TOP
N1113,217,TOP
N1114,263,TOP
N1115,361,TOP
N1116,96,TOP
N1117,2561,TOP
N1118,176,TOP
N1119,468,TOP
N1120,1678,TOP
N1121,342,TOP
N1122,336,TOP
N1123,333,TOP
N1124,107,TOP
N1125,118,TOP
N1126,292,TOP
N1127,177,TOP
N1128,218,TOP
N1129,303,TOP
N1130,302,TOP
N1131,248,TOP
N1132,303,TOP
N1133,165,TOP
N1134,75,TOP
N1135,86,TOP
N1136,205,TOP
N1137,104,TOP
N1138,280,TOP
N1139,116,TOP
N1140,375,TOP
N1141,188,TOP
N1142,678,TOP
N1143,158,TOP
N1144,331,TOP
N1145,181,TOP
N1146,183,TOP
N1147,473,TOP
N1148,50,TOP
N1149,550,TOP
N1150,517,TOP
N1151,387,TOP
N1152,166,TOP
N1153,737,TOP
N1154,220,TOP
N1155,128,TOP
N1156,145,TOP
N1157,649,TOP
N1158,403,TOP
N1159,538,TOP
N1160,160,TOP
N1161,1232,TOP
N1162,589,TOP
N1163,100,TOP
N1164,381,TOP
N1165,280,TOP
N1166,612,TOP
N1167,1791,TOP
N1168,271,TOP
N1169,431,TOP
N1170,90,TOP
N1171,5258,TOP
N1172,982,TOP
N1173,183,TOP
N1174,141,TOP
N1175,506,TOP
N1176,188,TOP
N1177,273,TOP
N1178,276,TOP
N1179,299,TOP
N1180,561,TOP
N1181,210,TOP
N1182,778,TOP
N1183,165,TOP
N1184,515,TOP
N1185,333,TOP
N1186,116,TOP
N1187,207,TOP
N1188,368,TOP
N1189,420,TOP
N1190,94,TOP
N1191,200,TOP
N1192,333,TOP
N1193,137,TOP
N1194,191,TOP
N1195,1091,TOP
N1196,115,TOP
N1197,237,TOP
N1198,2261,TOP
N1199,116,TOP
N1200,272,TOP
N1201,102,TOP
N1202,248,TOP
N1203,55,TOP
N1204,4077,TOP
N1205,520,TOP
N1206,99,TOP
N1207,228,TOP
N1208,549,TOP
N1209,46,TOP
N1210,149,TOP
N1211,3294,TOP
N1212,177,TOP
N1213,254,TOP
N1214,355,TOP
N1215,399,TOP
N1216,186,TOP
N1217,201,TOP
N1218,355,TOP
N1219,226,TOP
N1220,166,TOP
N1221,634,TOP
N1222,285,TOP
N1223,165,TOP
N1224,168,TOP
N1225,522,TOP
N1226,87,TOP
N1227,334,TOP
N1228,75,TOP
N1229,152,TOP
N1230,376,TOP
N1231,336,TOP
N1232,399,TOP
N1233,3657,TOP
N1234,448,TOP
N1235,536,TOP
N1236,102,TOP
N1237,141,TOP
N1238,198,TOP
N1239,139,TOP
N1240,266,TOP
N1241,141,TOP
N1242,71,TOP
N1243,233,TOP
N1244,177,TOP
N1245,86,TOP
N1246,1965,TOP
N1247,345,TOP
N1248,147,TOP
N1249,1425,TOP
N1250,241,TOP
N1251,52,TOP
N1252,361,TOP
N1253,95,TOP
N1254,954,TOP
N1255,76,TOP
N1256,382,TOP
N1257,394,TOP
N1258,273,TOP
N1259,240,TOP
N1260,206,TOP
N1261,102,TOP
N1262,1946,TOP
N1263,137,TOP
N1264,436,TOP
N1265,313,TOP
N1266,275,TOP
N1267,200,TOP
N1268,2662,TOP
N1269,161,TOP
N1270,3207,TOP
N1271,53,TOP
N1272,115,TOP
N1273,165,TOP
N1274,127,TOP
N1275,302,TOP
N1276,116,TOP
N1277,149,TOP
N1278,345,TOP
N1279,232,TOP
N1280,163,TOP
N1281,144,TOP
N1282,635,TOP
N1283,175,TOP
N1284,111,TOP
N1285,1145,TOP
N1286,147,TOP
N1287,402,TOP
N1288,436,TOP
N1289,39,TOP
N1290,331,TOP
N1291,565,TOP
N1292,220,TOP
N1293,358,TOP
N1294,117,TOP
N1295,116,TOP
N1296,2604,TOP
N1297,418,TOP
N1298,315,TOP
N1299,181,TOP
N1300,187,TOP
N1301,177,TOP
N1302,160,TOP
N1303,74,TOP
N1304,224,TOP
N1305,51,TOP
N1306,267,TOP
N1307,53,TOP
N1308,374,TOP
N1309,637,TOP
N1310,692,TOP
N1311,573,TOP
N1312,211,TOP
N1313,348,TOP
N1314,1914,TOP
N1315,162,TOP
N1316,443,TOP
N1317,1262,TOP
N1318,267,TOP
N1319,438,TOP
N1320,420,TOP
N1321,338,TOP
N1322,104,TOP
N1323,102,TOP
N1324,175,TOP
N1325,212,TOP
N1326,376,TOP
N1327,1355,TOP
N1328,488,TOP
N1329,341,TOP
N1330,1381,TOP
N1331,2677,TOP
N1332,1563,TOP
N1333,1927,TOP
N1334,364,TOP
N1335,197,TOP
N1336,1857,TOP
N1337,245,TOP
N1338,1569,TOP
N1339,197,TOP
N1340,451,TOP
N1341,224,TOP
N1342,246,TOP
N1343,159,TOP
N1344,241,TOP
N1345,120,TOP
N1346,562,TOP
N1347,425,TOP
N1348,190,TOP
N1349,49,TOP
N1350,188,TOP
N1351,353,TOP
N1352,327,TOP
N1353,166,TOP
N1354,340,TOP
N1355,288,TOP
N1356,316,TOP
N1357,319,TOP
N1358,65,TOP
N1359,48,TOP
N1360,1082,TOP
N1361,684,TOP
N1362,320,TOP
N1363,235,TOP
N1364,90,TOP
N1365,220,TOP
N1366,818,TOP
N1367,1981,TOP
N1368,124,TOP
N1369,67,TOP
N1370,309,TOP
N1371,259,TOP
N1372,298,TOP
N1373,100,TOP
N1374,385,TOP
N1375,100,TOP
N1376,704,TOP
N1377,529,TOP
N1378,286,TOP
N1379,215,TOP
N1380,135,TOP
N1381,562,TOP
N1382,320,TOP
N1383,409,TOP
N1384,253,TOP
N1385,205,TOP
N1386,208,TOP
N1387,68,TOP
N1388,379,TOP
N1389,532,TOP
N1390,258,TOP
N1391,140,TOP
N1392,52,TOP
N1393,622,TOP
N1394,773,TOP
N1395,165,TOP
N1396,1407,TOP
N1397,97,TOP
N1398,270,TOP
N1399,688,TOP
N1400,207,TOP
N1401,245,TOP
N1402,424,TOP
N1403,695,TOP
N1404,63,TOP
N1405,413,TOP
N1406,73,TOP
N1407,140,TOP
N1408,451,TOP
N1409,233,TOP
N1410,380,TOP
N1411,122,TOP
N1412,563,TOP
N1413,374,TOP
N1414,98,TOP
N1415,410,TOP
N1416,554,TOP
N1417,167,TOP
N1418,692,TOP
N1419,312,TOP
N1420,385,TOP
N1421,1029,TOP
N1422,176,TOP
N1423,225,TOP
N1424,704,TOP
N1425,204,TOP
N1426,118,TOP
N1427,162,TOP
N1428,182,TOP
N1429,371,TOP
N1430,650,TOP
N1431,95,TOP
N1432,195,TOP
N1433,201,TOP
N1434,217,TOP
N1435,453,TOP
N1436,361,TOP
N1437,91,TOP
N1438,196,TOP
N1439,263,TOP
N1440,1399,TOP
N1441,406,TOP
N1442,215,TOP
N1443,112,TOP
N1444,97,TOP
N1445,118,TOP
N1446,1066,TOP
N1447,143,TOP
N1448,412,TOP
N1449,1018,TOP
N1450,759,TOP
N1451,1821,TOP
N1452,624,TOP
N1453,207,TOP
N1454,234,TOP
N1455,1125,TOP
N1456,66,TOP
N1457,279,TOP
N1458,410,TOP
N1459,2186,TOP
N1460,316,TOP
N1461,163,TOP
N1462,310,TOP
N1463,353,TOP
N1464,304,TOP
N1465,78,TOP
N1466,387,TOP
N1467,54,TOP
N1468,1782,TOP
N1469,228,TOP
N1470,715,TOP
N1471,173,TOP
N1472,688,TOP
N1473,381,TOP
N1474,336,TOP
N1475,606,TOP
N1476,2099,TOP
N1477,217,TOP
N1478,145,TOP
N1479,206,TOP
N1480,220,TOP
N1481,1062,TOP
N1482,306,TOP
N1483,225,TOP
N1484,396,TOP
N1485,366,TOP
N1486,483,TOP
N1487,267,TOP
N1488,1144,TOP
N1489,183,TOP
N1490,549,TOP
N1491,260,TOP
N1492,800,TOP
N1493,89,TOP
N1494,938,TOP
N1495,139,TOP
N1496,391,TOP
N1497,111,TOP
N1498,57,TOP
N1499,441,TOP
N1500,120,TOP
N1501,209,TOP
N1502,69,TOP
N1503,151,TOP
N1504,388,TOP
N1505,60,TOP
N1506,205,TOP
N1507,839,TOP
N1508,1240,TOP
N1509,1035,TOP
N1510,113,TOP
N1511,58,TOP
N1512,168,TOP
N1513,449,TOP
N1514,525,TOP
N1515,162,TOP
N1516,1143,TOP
N1517,158,TOP
N1518,272,TOP
N1519,132,TOP
N1520,292,TOP
N1521,160,TOP
N1522,357,TOP
N1523,845,TOP
N1524,244,TOP
N1525,250,TOP
N1526,277,TOP
N1527,711,TOP
N1528,258,TOP
N1529,936,TOP
N1530,558,TOP
N1531,87,TOP
N1532,193,TOP
N1533,240,TOP
N1534,323,TOP
N1535,252,TOP
N1536,200,TOP
N1537,229,TOP
N1538,700,TOP
N1539,643,TOP
N1540,1760,TOP
N1541,216,TOP
N1542,243,TOP
N1543,505,TOP
N1544,4317,TOP
N1545,1232,TOP
N1546,917,TOP
N1547,666,TOP
N1548,785,TOP
N1549,511,TOP
N1550,517,TOP
N1551,157,TOP
N1552,3022,TOP
N1553,139,TOP
N1554,439,TOP
N1555,318,TOP
N1556,70,TOP
N1557,193,TOP
N1558,209,TOP
N1559,310,TOP
N1560,105,TOP
N1561,226,TOP
N1562,95,TOP
N1563,91,TOP
N1564,167,TOP
N1565,311,TOP
N1566,202,TOP
N1567,160,TOP
N1568,390,TOP
N1569,1094,TOP
N1570,160,TOP
N1571,89,TOP
N1572,187,TOP
N1573,485,TOP
N1574,718,TOP
N1575,140,TOP
N1576,166,TOP
N1577,3147,TOP
N1578,87,TOP
N1579,252,TOP
N1580,904,TOP
N1581,236,TOP
N1582,140,TOP
N1583,517,TOP
N1584,184,TOP
N1585,916,TOP
N1586,176,TOP
N1587,118,TOP
N1588,359,TOP
N1589,137,TOP
N1590,179,TOP
N1591,620,TOP
N1592,258,TOP
N1593,448,TOP
N1594,183,TOP
N1595,499,TOP
N1596,282,TOP
N1597,312,TOP
N1598,365,TOP
N1599,63,TOP
N1600,1006,TOP
N1601,246,TOP
N1602,162,TOP
N1603,197,TOP
N1604,354,TOP
N1605,321,TOP
N1606,577,TOP
N1607,452,TOP
N1608,94,TOP
N1609,831,TOP
N1610,1527,TOP
N1611,866,TOP
N1612,327,TOP
N1613,230,TOP
N1614,640,TOP
N1615,141,TOP
N1616,247,TOP
N1617,109,TOP
N1618,138,TOP
N1619,155,TOP
N1620,710,TOP
N1621,155,TOP
N1622,714,TOP
N1623,69,TOP
N1624,218,TOP
N1625,508,TOP
N1626,269,TOP
N1627,123,TOP
N1628,238,TOP
N1629,226,TOP
N1630,452,TOP
N1631,112,TOP
N1632,591,TOP
N1633,646,TOP
N1634,1077,TOP
N1635,735,TOP
N1636,305,TOP
N1637,462,TOP
N1638,276,TOP
N1639,548,TOP
N1640,1371,TOP
N1641,255,TOP
N1642,875,TOP
N1643,419,TOP
N1644,191,TOP
N1645,141,TOP
N1646,617,TOP
N1647,366,TOP
N1648,147,TOP
N1649,125,TOP
N1650,3318,TOP
N1651,501,TOP
N1652,296,TOP
N1653,217,TOP
N1654,3730,TOP
N1655,234,TOP
N1656,811,TOP
N1657,836,TOP
N1658,1437,TOP
N1659,405,TOP
N1660,392,TOP
N1661,142,TOP
N1662,710,TOP
N1663,971,TOP
N1664,216,TOP
N1665,1018,TOP
N1666,163,TOP
N1667,555,TOP
N1668,140,TOP
N1669,206,TOP
N1670,185,TOP
N1671,876,TOP
N1672,416,TOP
N1673,643,TOP
N1674,410,TOP
N1675,332,TOP
N1676,90,TOP
N1677,400,TOP
N1678,736,TOP
N1679,702,TOP
N1680,803,TOP
N1681,386,TOP
N1682,114,TOP
N1683,555,TOP
N1684,554,TOP
N1685,725,TOP
N1686,544,TOP
N1687,340,TOP
N1688,422,TOP
N1689,1455,TOP
N1690,1084,TOP
N1691,478,TOP
N1692,977,TOP
N1693,2544,TOP
N1694,353,TOP
N1695,180,TOP
N1696,982,TOP
N1697,512,TOP
N1698,1660,TOP
N1699,196,TOP
N1700,333,TOP
N1701,609,TOP
N1702,173,TOP
N1703,755,TOP
N1704,575,TOP
N1705,1152,TOP
N1706,240,TOP
N1707,1431,TOP
N1708,90,TOP
N1709,562,TOP
N1710,141,TOP
N1711,171,TOP
N1712,251,TOP
N1713,223,TOP
N1714,460,TOP
N1715,474,TOP
N1716,164,TOP
N1717,199,TOP
N1718,360,TOP
N1719,890,TOP
N1720,158,TOP
N1721,384,TOP
N1722,891,TOP
N1723,276,TOP
N1724,373,TOP
N1725,870,TOP
N1726,1474,TOP
N1727,113,TOP
N1728,446,TOP
N1729,664,TOP
N1730,195,TOP
N1731,128,TOP
N1732,147,TOP
N1733,141,TOP
N1734,409,TOP
N1735,262,TOP
N1736,53,TOP
N1737,569,TOP
N1738,497,TOP
N1739,167,TOP
N1740,143,TOP
N1741,545,TOP
N1742,384,TOP
N1743,1106,TOP
N1744,143,TOP
N1745,222,TOP
N1746,949,TOP
N1747,548,TOP
N1748,291,TOP
N1749,90,TOP
N1750,78,TOP
N1751,155,TOP
N1752,199,TOP
N1753,381,TOP
N1754,470,TOP
N1755,143,TOP
N1756,422,TOP
N1757,214,TOP
N1758,143,TOP
N1759,416,TOP
N1760,174,TOP
N1761,85,TOP
N1762,632,TOP
N1763,221,TOP
N1764,484,TOP
N1765,1017,TOP
N1766,163,TOP
N1767,645,TOP
N1768,546,TOP
N1769,434,TOP
N1770,396,TOP
N1771,73,TOP
N1772,117,TOP
N1773,142,TOP
N1774,475,TOP
N1775,206,TOP
N1776,735,TOP
N1777,164,TOP
N1778,309,TOP
N1779,515,TOP
N1780,442,TOP
N1781,435,TOP
N1782,151,TOP
N1783,806,TOP
N1784,277,TOP
N1785,286,TOP
N1786,179,TOP
N1787,194,TOP
N1788,720,TOP
N1789,750,TOP
N1790,433,TOP
N1791,831,TOP
N1792,160,TOP
N1793,191,TOP
N1794,156,TOP
N1795,624,TOP
N1796,682,TOP
N1797,480,TOP
N1798,212,TOP
N1799,1244,TOP
N1800,289,TOP
N1801,110,TOP
N1802,267,TOP
N1803,685,TOP
N1804,278,TOP
N1805,720,TOP
N1806,481,TOP
N1807,141,TOP
N1808,222,TOP
N1809,616,TOP
N1810,233,TOP
N1811,163,TOP
N1812,2140,TOP
N1813,227,TOP
N1814,2026,TOP
N1815,549,TOP
N1816,907,TOP
N1817,179,TOP
N1818,167,TOP
N1819,160,TOP
N1820,142,TOP
N1821,490,TOP
N1822,345,TOP
N1823,339,TOP
N1824,450,TOP
N1825,155,TOP
N1826,295,TOP
N1827,339,TOP
N1828,237,TOP
N1829,254,TOP
N1830,347,TOP
N1831,1662,TOP
N1832,234,TOP
N1833,10347,TOP
N1834,194,TOP
N1835,507,TOP
N1836,282,TOP
N1837,330,TOP
N1838,977,TOP
N1839,296,TOP
N1840,282,TOP
N1841,506,TOP
N1842,76,TOP
N1843,3098,TOP
N1844,387,TOP
N1845,420,TOP
N1846,243,TOP
N1847,6618,TOP
N1848,338,TOP
N1849,349,TOP
N1850,133,TOP
N1851,155,TOP
N1852,499,TOP
N1853,160,TOP
N1854,181,TOP
N1855,407,TOP
N1856,147,TOP
N1857,1309,TOP
N1858,190,TOP
N1859,632,TOP
N1860,89,TOP
N1861,699,TOP
N1862,480,TOP
N1863,430,TOP
N1864,276,TOP
N1865,208,TOP
N1866,160,TOP
N1867,663,TOP
N1868,499,TOP
N1869,224,TOP
N1870,366,TOP
N1871,89,TOP
N1872,335,TOP
N1873,105,TOP
N1874,128,TOP
N1875,161,TOP
N1876,503,TOP
N1877,561,TOP
N1878,103,TOP
N1879,130,TOP
N1880,190,TOP
N1881,401,TOP
N1882,149,TOP
N1883,106,TOP
N1884,546,TOP
N1885,316,TOP
N1886,318,TOP
N1887,123,TOP
N1888,337,TOP
N1889,155,TOP
N1890,679,TOP
N1891,234,TOP
N1892,314,TOP
N1893,587,TOP
N1894,139,TOP
N1895,1449,TOP
N1896,566,TOP
N1897,622,TOP
N1898,109,TOP
N1899,899,TOP
N1900,389,TOP
N1901,110,TOP
N1902,107,TOP
N1903,253,TOP
N1904,642,TOP
N1905,89,TOP
N1906,182,TOP
N1907,405,TOP
N1908,680,TOP
N1909,177,TOP
N1910,560,TOP
N1911,593,TOP
N1912,1276,TOP
N1913,152,TOP
N1914,490,TOP
N1915,171,TOP
N1916,229,TOP
N1917,333,TOP
N1918,2426,TOP
N1919,251,TOP
N1920,226,TOP
N1921,4091,TOP
N1922,593,TOP
N1923,2288,TOP
N1924,512,TOP
N1925,603,TOP
N1926,94,TOP
N1927,228,TOP
N1928,45,TOP
N1929,76,TOP
N1930,493,TOP
N1931,579,TOP
N1932,280,TOP
N1933,401,TOP
N1934,279,TOP
N1935,285,TOP
N1936,392,TOP
N1937,726,TOP
N1938,703,TOP
N1939,305,TOP
N1940,170,TOP
N1941,425,TOP
N1942,1054,TOP
N1943,368,TOP
N1944,161,TOP
N1945,255,TOP
N1946,68,TOP
N1947,76,TOP
N1948,259,TOP
N1949,488,TOP
N1950,231,TOP
N1951,151,TOP
N1952,1423,TOP
N1953,590,TOP
N1954,170,TOP
N1955,1011,TOP
N1956,535,TOP
N1957,210,TOP
N1958,384,TOP
N1959,78,TOP
N1960,114,TOP
N1961,238,TOP
N1962,383,TOP
N1963,575,TOP
N1964,362,TOP
N1965,114,TOP
N1966,143,TOP
N1967,117,TOP
N1968,267,TOP
N1969,470,TOP
N1970,297,TOP
N1971,365,TOP
N1972,336,TOP
N1973,435,TOP
N1974,816,TOP
N1975,181,TOP
N1976,325,TOP
N1977,196,TOP
N1978,185,TOP
N1979,95,TOP
N1980,276,TOP
N1981,183,TOP
N1982,95,TOP
N1983,248,TOP
N1984,932,TOP
N1985,395,TOP
N1986,575,TOP
N1987,239,TOP
N1988,216,TOP
N1989,116,TOP
N1990,137,TOP
N1991,1193,TOP
N1992,215,TOP
N1993,98,TOP
N1994,172,TOP
N1995,71,TOP
N1996,344,TOP
N1997,212,TOP
N1998,165,TOP
N1999,102,TOP
N2000,11127,TOP
N2001,251,TOP
N2002,1846,TOP
N2003,322,TOP
N2004,456,TOP
N2005,2236,TOP
N2006,3640,TOP
N2007,187,TOP
N2008,10054,TOP
N2009,401,TOP
N2010,180,TOP
N2011,820,TOP
N2012,433,TOP
N2013,191,TOP
N2014,558,TOP
N2015,384,TOP
N2016,102,TOP
N2017,383,TOP
N2018,690,TOP
N2019,262,TOP
N2020,153,TOP
N2021,502,TOP
N2022,431,TOP
N2023,150,TOP
N2024,149,TOP
N2025,1332,TOP
N2026,1213,TOP
N2027,179,TOP
N2028,264,TOP
N2029,220,TOP
N2030,153,TOP
N2031,10269,TOP
N2032,11436,TOP
N2033,139,TOP
N2034,718,TOP
N2035,1271,TOP
N2036,2618,TOP
N2037,1101,TOP
N2038,147,TOP
N2039,92,TOP
N2040,250,TOP
N2041,299,TOP
N2042,539,TOP
N2043,186,TOP
N2044,364,TOP
N2045,731,TOP
N2046,244,TOP
N2047,672,TOP
N2048,611,TOP
N2049,412,TOP
N2050,317,TOP
N2051,528,TOP
N2052,150,TOP
N2053,92,TOP
N2054,244,TOP
N2055,341,TOP
N2056,11154,TOP
N2057,320,TOP
N2058,202,TOP
N2059,488,TOP
N2060,224,TOP
N2061,193,TOP
N2062,295,TOP
N2063,179,TOP
N2064,73,TOP
N2065,197,TOP
N2066,281,TOP
N2067,176,TOP
N2068,155,TOP
N2069,381,TOP
N2070,173,TOP
N2071,663,TOP
N2072,190,TOP
N2073,507,TOP
N2074,194,TOP
N2075,248,TOP
N2076,86,TOP
N2077,488,TOP
N2078,411,TOP
N2079,55,TOP
N2080,112,TOP
N2081,207,TOP
N2082,369,TOP
N2083,430,TOP
N2084,155,TOP
N2085,164,TOP
N2086,112,TOP
N2087,504,TOP
N2088,380,TOP
N2089,55,TOP
N2090,216,TOP
N2091,71,TOP
N2092,204,TOP
N2093,168,TOP
N2094,352,TOP
N2095,817,TOP
N2096,143,TOP
N2097,168,TOP
N2098,112,TOP
N2099,255,TOP
N2100,66,TOP
N2101,299,TOP
N2102,227,TOP
N2103,714,TOP
N2104,252,TOP
N2105,88,TOP
N2106,337,TOP
N2107,456,TOP
N2108,712,TOP
N2109,55,TOP
N2110,91,TOP
N2111,421,TOP
N2112,389,TOP
N2113,203,TOP
N2114,184,TOP
N2115,385,TOP
N2116,161,TOP
N2117,312,TOP
N2118,285,TOP
N2119,160,TOP
N2120,155,TOP
N2121,208,TOP
N2122,112,TOP
N2123,251,TOP
N2124,406,TOP
N2125,459,TOP
N2126,112,TOP
N2127,168,TOP
N2128,112,TOP
N2129,429,TOP
N2130,186,TOP
N2131,168,TOP
N2132,352,TOP
N2133,51,TOP
N2134,226,TOP
N2135,505,TOP
N2136,166,TOP
N2137,353,TOP
N2138,112,TOP
N2139,261,TOP
N2140,112,TOP
N2141,162,TOP
N2142,164,TOP
N2143,91,TOP
N2144,572,TOP
N2145,242,TOP
N2146,525,TOP
N2147,91,TOP
N2148,540,TOP
N2149,266,TOP
N2150,304,TOP
N2151,132,TOP
N2152,277,TOP
N2153,91,TOP
N2154,559,TOP
N2155,208,TOP
N2156,204,TOP
N2157,175,TOP
N2158,164,TOP
N2159,524,TOP
N2160,471,TOP
N2161,112,TOP
N2162,296,TOP
N2163,155,TOP
N2164,398,TOP
N2165,112,TOP
N2166,303,TOP
N2167,255,TOP
N2168,168,TOP
N2169,155,TOP
N2170,269,TOP
N2171,91,TOP
N2172,243,TOP
N2173,243,TOP
N2174,323,TOP
N2175,112,TOP
N2176,432,TOP
N2177,691,TOP
N2178,338,TOP
N2179,168,TOP
N2180,286,TOP
N2181,73,TOP
N2182,559,TOP
N2183,398,TOP
N2184,174,TOP
N2185,240,TOP
N2186,115,TOP
N2187,361,TOP
N2188,154,TOP
N2189,285,TOP
N2190,402,TOP
N2191,11426,TOP
N2192,166,TOP
N2193,10853,TOP
N2194,256,TOP
N2195,243,TOP
N2196,5032,TOP
N2197,181,TOP
N2198,10971,TOP
N2199,530,TOP
N2200,196,TOP
N2201,92,TOP
N2202,11170,TOP
N2203,264,TOP
N2204,229,TOP
N2205,474,TOP
N2206,407,TOP
N2207,256,TOP
N2208,328,TOP
N2209,538,TOP
N2210,185,TOP
N2211,884,TOP
N2212,644,TOP
N2213,204,TOP
N2214,274,TOP
N2215,418,TOP
N2216,466,TOP
N2217,383,TOP
N2218,262,TOP
N2219,168,TOP
N2220,471,TOP
N2221,368,TOP
N2222,334,TOP
N2223,148,TOP
N2224,164,TOP
N2225,259,TOP
N2226,164,TOP
N2227,194,TOP
N2228,770,TOP
N2229,276,TOP
N2230,68,TOP
N2231,321,TOP
N2232,169,TOP
N2233,251,TOP
N2234,171,TOP
N2235,355,TOP
N2236,192,TOP
N2237,328,TOP
N2238,89,TOP
N2239,331,TOP
N2240,93,TOP
N2241,277,TOP
N2242,344,TOP
N2243,449,TOP
N2244,134,TOP
N2245,224,TOP
N2246,265,TOP
N2247,173,TOP
N2248,311,TOP
N2249,252,TOP
N2250,349,TOP
N2251,192,TOP
N2252,641,TOP
N2253,322,TOP
N2254,235,TOP
N2255,310,TOP
N2256,435,TOP
N2257,579,TOP
N2258,218,TOP
N2259,107,TOP
N2260,546,TOP
N2261,323,TOP
N2262,144,TOP
N2263,93,TOP
N2264,207,TOP
N2265,433,TOP
N2266,441,TOP
N2267,6076,TOP
N2268,145,TOP
N2269,405,TOP
N2270,238,TOP
N2271,374,TOP
N2272,242,TOP
N2273,312,TOP
N2274,377,TOP
N2275,200,TOP
N2276,331,TOP
N2277,242,TOP
N2278,249,TOP
N2279,242,TOP
N2280,243,TOP
N2281,107,TOP
N2282,260,TOP
N2283,163,TOP
N2284,235,TOP
N2285,155,TOP
N2286,363,TOP
N2287,192,TOP
N2288,267,TOP
N2289,220,TOP
N2290,205,TOP
N2291,137,TOP
N2292,102,TOP
N2293,314,TOP
N2294,127,TOP
N2295,251,TOP
N2296,299,TOP
N2297,184,TOP
N2298,406,TOP
N2299,195,TOP
N2300,134,TOP
N2301,139,TOP
N2302,544,TOP
N2303,1287,TOP
N2304,426,TOP
N2305,182,TOP
N2306,61,TOP
N2307,304,TOP
N2308,61,TOP
N2309,253,TOP
N2310,215,TOP
N2311,189,TOP
N2312,150,TOP
N2313,559,TOP
N2314,163,TOP
N2315,156,TOP
N2316,526,TOP
N2317,229,TOP
N2318,123,TOP
N2319,202,TOP
N2320,266,TOP
N2321,216,TOP
N2322,236,TOP
N2323,669,TOP
N2324,216,TOP
N2325,210,TOP
N2326,204,TOP
N2327,68,TOP
N2328,68,TOP
N2329,589,TOP
N2330,529,TOP
N2331,215,TOP
N2332,68,TOP
N2333,789,TOP
N2334,4217,TOP
N2335,325,TOP
N2336,927,TOP
N2337,8128,TOP
N2338,6987,TOP
N2339,9589,TOP
N2340,8214,TOP
N2341,8024,TOP
N2342,8250,TOP
N2343,7337,TOP
N2344,9700,TOP
N2345,8994,TOP
N2346,7321,TOP
N2347,10171,TOP
N2348,7099,TOP
N2349,146,TOP
N2350,198,TOP
N2351,253,TOP
N2352,378,TOP
N2353,345,TOP
N2354,128,TOP
N2355,145,TOP
N2356,537,TOP
N2357,227,TOP
N2358,102,TOP
N2359,206,TOP
N2360,379,TOP
N2361,555,TOP
N2362,223,TOP
N2363,207,TOP
N2364,442,TOP
N2365,92,TOP
N2366,245,TOP
N2367,279,TOP
N2368,513,TOP
N2369,327,TOP
N2370,502,TOP
N2371,248,TOP
N2372,172,TOP
N2373,327,TOP
N2374,718,TOP
N2375,350,TOP
N2376,242,TOP
N2377,206,TOP
N2378,204,TOP
N2379,120,TOP
N2380,768,TOP
N2381,561,TOP
N2382,166,TOP
N2383,116,TOP
N2384,602,TOP
N2385,330,TOP
N2386,75,TOP
N2387,275,TOP
N2388,261,TOP
N2389,775,TOP
N2390,100,TOP
N2391,731,TOP
N2392,246,TOP
N2393,221,TOP
N2394,186,TOP
N2395,134,TOP
N2396,142,TOP
N2397,177,TOP
N2398,64,TOP
N2399,163,TOP
N2400,219,TOP
N2401,242,TOP
N2402,107,TOP
N2403,182,TOP
N2404,162,TOP
N2405,282,TOP
N2406,280,TOP
N2407,241,TOP
N2408,371,TOP
N2409,154,TOP
N2410,101,TOP
N2411,271,TOP
N2412,400,TOP
N2413,235,TOP
N2414,238,TOP
N2415,107,TOP
N2416,230,TOP
N2417,301,TOP
N2418,173,TOP
N2419,504,TOP
N2420,447,TOP
N2421,915,TOP
N2422,1175,TOP
N2423,527,TOP
N2424,219,TOP
N2425,1080,TOP
N2426,230,TOP
N2427,1185,TOP
N2428,279,TOP
N2429,2177,TOP
N2430,117,TOP
N2431,1144,TOP
N2432,4633,TOP
N2433,173,TOP
N2434,463,TOP
N2435,115,TOP
N2436,276,TOP
N2437,348,TOP
N2438,833,TOP
N2439,157,TOP
N2440,142,TOP
N2441,220,TOP
N2442,273,TOP
N2443,325,TOP
N2444,368,TOP
N2445,697,TOP
N2446,102,TOP
N2447,117,TOP
N2448,370,TOP
N2449,259,TOP
N2450,175,TOP
N2451,102,TOP
N2452,245,TOP
N2453,189,TOP
N2454,434,TOP
N2455,135,TOP
N2456,199,TOP
N2457,128,TOP
N2458,311,TOP
N2459,340,TOP
N2460,61,TOP
N2461,329,TOP
N2462,374,TOP
N2463,1031,TOP
N2464,251,TOP
N2465,69,TOP
N2466,448,TOP
N2467,250,TOP
N2468,346,TOP
N2469,505,TOP
N2470,205,TOP
N2471,207,TOP
N2472,201,TOP
N2473,341,TOP
N2474,370,TOP
N2475,177,TOP
N2476,169,TOP
N2477,149,TOP
N2478,220,TOP
N2479,777,TOP
N2480,134,TOP
N2481,919,TOP
N2482,250,TOP
N2483,684,TOP
N2484,140,TOP
N2485,204,TOP
N2486,230,TOP
N2487,566,TOP
N2488,225,TOP
N2489,441,TOP
N2490,346,TOP
N2491,167,TOP
N2492,102,TOP
N2493,383,TOP
N2494,836,TOP
N2495,808,TOP
N2496,114,TOP
N2497,361,TOP
N2498,270,TOP
N2499,145,TOP
N2500,219,TOP
N2501,246,TOP
N2502,134,TOP
N2503,204,TOP
N2504,381,TOP
N2505,198,TOP
N2506,413,TOP
N2507,102,TOP
N2508,356,TOP
N2509,101,TOP
N2510,314,TOP
N2511,452,TOP
N2512,503,TOP
N2513,816,TOP
N2514,153,TOP
N2515,1762,TOP
N2516,1287,TOP
N2517,910,TOP
N2518,408,TOP
N2519,1348,TOP
N2520,832,TOP
N2521,2000,TOP
N2522,157,TOP
N2523,1029,TOP
N2524,146,TOP
N2525,192,TOP
N2526,1802,TOP
N2527,1250,TOP
N2528,243,TOP
N2529,1453,TOP
N2530,273,TOP
N2531,1077,TOP
N2532,255,TOP
N2533,289,TOP
N2534,368,TOP
N2535,71,TOP
N2536,114,TOP
N2537,312,TOP
N2538,87,TOP
N2539,218,TOP
N2540,173,TOP
N2541,149,TOP
N2542,254,TOP
N2543,137,TOP
N2544,93,TOP
N2545,864,TOP
N2546,343,TOP
N2547,171,TOP
N2548,589,TOP
N2549,216,TOP
N2550,69,TOP
N2551,61,TOP
N2552,278,TOP
N2553,134,TOP
N2554,2366,TOP
N2555,145,TOP
N2556,588,TOP
N2557,158,TOP
N2558,92,TOP
N2559,518,TOP
N2560,371,TOP
N2561,138,TOP
N2562,647,TOP
N2563,503,TOP
N2564,181,TOP
N2565,206,TOP
N2566,351,TOP
N2567,1213,TOP
N2568,1290,TOP
N2569,446,TOP
N2570,295,TOP
N2571,280,TOP
N2572,517,TOP
N2573,1267,TOP
N2574,341,TOP
N2575,96,TOP
N2576,439,TOP
N2577,417,TOP
N2578,217,TOP
N2579,153,TOP
N2580,125,TOP
N2581,266,TOP
N2582,82,TOP
N2583,241,TOP
N2584,260,TOP
N2585,158,TOP
N2586,155,TOP
N2587,195,TOP
N2588,203,TOP
N2589,124,TOP
N2590,292,TOP
N2591,213,TOP
N2592,298,TOP
N2593,213,TOP
N2594,266,TOP
N2595,655,TOP
N2596,266,TOP
N2597,205,TOP
N2598,153,TOP
N2599,64,TOP
N2600,87,TOP
N2601,87,TOP
N2602,163,TOP
N2603,150,TOP
N2604,279,TOP
N2605,319,TOP
N2606,390,TOP
N2607,66,TOP
N2608,333,TOP
N2609,96,TOP
N2610,427,TOP
N2611,103,TOP
N2612,95,TOP
N2613,373,TOP
N2614,355,TOP
N2615,239,TOP
N2616,281,TOP
N2617,94,TOP
N2618,168,TOP
N2619,243,TOP
N2620,179,TOP
N2621,129,TOP
N2622,151,TOP
N2623,72,TOP
N2624,184,TOP
N2625,59,TOP
N2626,138,TOP
N2627,242,TOP
N2628,95,TOP
N2629,113,TOP
N2630,165,TOP
N2631,242,TOP
N2632,76,TOP
N2633,352,TOP
N2634,536,TOP
N2635,158,TOP
N2636,96,TOP
N2637,169,TOP
N2638,124,TOP
N2639,373,TOP
N2640,131,TOP
N2641,333,TOP
N2642,207,TOP
N2643,82,TOP
N2644,183,TOP
